{
  "depth": 8,
  "learning_rate": 0.027243341395631743,
  "iterations": 1621,
  "l2_leaf_reg": 11.464256887807908,
  "bagging_temperature": 0.10490277228464714,
  "subsample": 0.8090584457549639,
  "rsm": 0.8224343572178422,
  "class_weights": [
    1,
    7
  ],
  "loss_function": "Logloss",
  "eval_metric": "F1",
  "verbose": false,
  "random_state": 42
}